{
  "2025 MB90:2026-Jul-19 02:04": {
    "dist_au": 0.012732398177755,
    "dist_ld": 4.956169006521993,
    "h": 24.11,
    "severity": "info",
    "v_rel_kms": 9.58018384424692
  },
  "2026 MC2:2026-Jun-25 19:00": {
    "dist_au": 0.00760327909245534,
    "dist_ld": 2.9596259604730792,
    "h": 28.321,
    "severity": "high",
    "v_rel_kms": 3.05526752908479
  },
  "2026 MJ1:2026-Jun-30 01:40": {
    "dist_au": 0.00388376606115262,
    "dist_ld": 1.5117812616397899,
    "h": 27.272,
    "severity": "high",
    "v_rel_kms": 4.32969457723231
  },
  "2026 MN2:2026-Jun-25 15:07": {
    "dist_au": 0.0102730067135373,
    "dist_ld": 3.998834843728026,
    "h": 26.881,
    "severity": "info",
    "v_rel_kms": 7.56075227142412
  },
  "2026 MQ2:2026-Jun-28 11:39": {
    "dist_au": 0.00330701706216875,
    "dist_ld": 1.2872779533549046,
    "h": 27.525,
    "severity": "high",
    "v_rel_kms": 11.1057621053534
  }
}
