{
  "2026 MA1:2026-Jun-19 11:46": {
    "dist_au": 0.00461755246066382,
    "dist_ld": 1.7974124019711248,
    "h": 27.24,
    "severity": "high",
    "v_rel_kms": 8.36572692306173
  },
  "2026 MC2:2026-Jun-25 19:00": {
    "dist_au": 0.00760321187470138,
    "dist_ld": 2.9595997955240874,
    "h": 28.325,
    "severity": "high",
    "v_rel_kms": 3.05528286639227
  },
  "2026 MH:2026-Jun-21 11:07": {
    "dist_au": 0.00119794656497532,
    "dist_ld": 0.46630851108420396,
    "h": 28.745,
    "severity": "critical",
    "v_rel_kms": 4.40614294684364
  },
  "2026 MJ1:2026-Jun-30 01:40": {
    "dist_au": 0.00388856901726585,
    "dist_ld": 1.5136508436223628,
    "h": 27.321,
    "severity": "high",
    "v_rel_kms": 4.33433009346398
  },
  "2026 MK:2026-Jun-19 00:47": {
    "dist_au": 0.0126936542833266,
    "dist_ld": 4.941087693003737,
    "h": 26.709,
    "severity": "info",
    "v_rel_kms": 9.17360721253119
  },
  "2026 MN2:2026-Jun-25 15:07": {
    "dist_au": 0.0102698206878724,
    "dist_ld": 3.997594662464928,
    "h": 26.836,
    "severity": "info",
    "v_rel_kms": 7.55840934392344
  },
  "2026 MO:2026-Jun-19 10:06": {
    "dist_au": 0.00932706087441049,
    "dist_ld": 3.6306192582368584,
    "h": 27.273,
    "severity": "info",
    "v_rel_kms": 8.55425475908129
  },
  "2026 MQ2:2026-Jun-28 11:39": {
    "dist_au": 0.0033069874466747,
    "dist_ld": 1.2872664253307513,
    "h": 27.524,
    "severity": "high",
    "v_rel_kms": 11.1057897826639
  },
  "2026 MR:2026-Jun-20 05:11": {
    "dist_au": 0.00292369195268502,
    "dist_ld": 1.1380661551907434,
    "h": 28.676,
    "severity": "high",
    "v_rel_kms": 8.48519509113184
  },
  "2026 MX1:2026-Jun-23 13:37": {
    "dist_au": 0.00106829344886658,
    "dist_ld": 0.4158401902945037,
    "h": 27.98,
    "severity": "critical",
    "v_rel_kms": 10.9328250950723
  },
  "2026 MY1:2026-Jun-19 19:29": {
    "dist_au": 0.0024649912005934,
    "dist_ld": 0.9595138966887505,
    "h": 27.171,
    "severity": "critical",
    "v_rel_kms": 8.18462012155597
  }
}
