{
  "2026 MC2:2026-Jun-25 19:00": {
    "dist_au": 0.00760321187470138,
    "dist_ld": 2.9595997955240874,
    "h": 28.325,
    "severity": "high",
    "v_rel_kms": 3.05528286639227
  },
  "2026 MH:2026-Jun-21 11:07": {
    "dist_au": 0.00119794656497532,
    "dist_ld": 0.46630851108420396,
    "h": 28.745,
    "severity": "critical",
    "v_rel_kms": 4.40614294684364
  },
  "2026 MJ1:2026-Jun-30 01:40": {
    "dist_au": 0.00388864333360591,
    "dist_ld": 1.5136797717422772,
    "h": 27.253,
    "severity": "high",
    "v_rel_kms": 4.33442937252116
  },
  "2026 MN2:2026-Jun-25 15:07": {
    "dist_au": 0.0102698206878724,
    "dist_ld": 3.997594662464928,
    "h": 26.836,
    "severity": "info",
    "v_rel_kms": 7.55840934392344
  },
  "2026 MQ2:2026-Jun-28 11:39": {
    "dist_au": 0.0033069874466747,
    "dist_ld": 1.2872664253307513,
    "h": 27.524,
    "severity": "high",
    "v_rel_kms": 11.1057897826639
  },
  "2026 MV3:2026-Jun-24 15:32": {
    "dist_au": 0.0111011377150196,
    "dist_ld": 4.3211902355078236,
    "h": 24.353,
    "severity": "info",
    "v_rel_kms": 21.6592299621875
  },
  "2026 MX1:2026-Jun-23 13:37": {
    "dist_au": 0.00106829344886658,
    "dist_ld": 0.4158401902945037,
    "h": 27.98,
    "severity": "critical",
    "v_rel_kms": 10.9328250950723
  },
  "2026 MZ3:2026-Jun-21 06:32": {
    "dist_au": 0.00290962097662673,
    "dist_ld": 1.1325889360166328,
    "h": 28.436,
    "severity": "high",
    "v_rel_kms": 9.17749955888821
  }
}
